Place_Name,State_FIPS,Place_FIPS,FIPS_Code,Total_Computer,Total_Computer_Percent,Total_Broadband_Internet,Total_Broadband_Internet_Percent
Aberdeen town,37,00160,3700160,2842,90.6,2839,90.5
Advance CDP,37,00440,3700440,334,85.2,312,79.6
Ahoskie town,37,00500,3700500,1542,80.9,1332,69.9
Alamance village,37,00640,3700640,399,95.2,387,92.4
Albemarle city,37,00680,3700680,5255,84.0,4860,77.7
Alexis CDP,37,00880,3700880,223,62.3,201,56.1
Alliance town,37,01000,3701000,325,73.9,299,68.0
Altamahaw CDP,37,01140,3701140,160,95.8,160,95.8
Anderson Creek CDP,37,01340,3701340,4366,97.7,3779,84.5
Andrews town,37,01380,3701380,653,82.8,614,77.8
Angier town,37,01400,3701400,1809,86.0,1626,77.3
Ansonville town,37,01420,3701420,218,86.2,196,77.5
Apex town,37,01520,3701520,18758,97.6,18311,95.2
Aquadale CDP,37,01560,3701560,159,93.0,159,93.0
Arapahoe town,37,01640,3701640,182,91.0,159,79.5
Archdale city,37,01720,3701720,4357,92.6,4117,87.5
Archer Lodge town,37,01760,3701760,1904,92.1,1976,95.6
Arrowhead Beach CDP,37,01972,3701972,293,100.0,293,100.0
Asheboro city,37,02080,3702080,9632,89.7,8721,81.2
Asheville city,37,02140,3702140,35428,88.8,33487,83.9
Ashley Heights CDP,37,02240,3702240,78,70.3,65,58.6
Askewville town,37,02320,3702320,58,65.2,45,50.6
Atkinson town,37,02460,3702460,100,87.7,66,57.9
Atlantic CDP,37,02480,3702480,217,91.9,183,77.5
Atlantic Beach town,37,02500,3702500,894,90.3,878,88.7
Aulander town,37,02580,3702580,319,81.4,265,67.6
Aurora town,37,02620,3702620,221,69.1,172,53.8
Autryville town,37,02700,3702700,65,81.3,62,77.5
Avery Creek CDP,37,02760,3702760,893,98.6,827,91.3
Avon CDP,37,02780,3702780,338,93.1,291,80.2
Ayden town,37,02840,3702840,1777,87.1,1745,85.5
Badin town,37,02960,3702960,418,93.5,398,89.0
Bailey town,37,03020,3703020,193,89.8,182,84.7
Bakersville town,37,03100,3703100,234,77.0,225,74.0
Bald Head Island village,37,03150,3703150,124,98.4,124,98.4
Balfour CDP,37,03220,3703220,495,92.0,466,86.6
Banner Elk town,37,03500,3703500,350,99.4,321,91.2
Barker Heights CDP,37,03640,3703640,491,86.6,416,73.4
Barker Ten Mile CDP,37,03665,3703665,333,94.9,318,90.6
Barnardsville CDP,37,03720,3703720,169,72.8,140,60.3
Bath town,37,03840,3703840,109,89.3,102,83.6
Bayboro town,37,03960,3703960,215,80.8,162,60.9
Bayshore CDP,37,04015,3704015,1180,95.3,1106,89.3
Bayview CDP,37,04040,3704040,196,100.0,145,74.0
Bear Grass town,37,04180,3704180,32,97.0,32,97.0
Beaufort town,37,04260,3704260,1973,91.3,1814,84.0
Beech Mountain town,37,04510,3704510,342,97.7,333,95.1
Belhaven town,37,04640,3704640,423,69.6,302,49.7
Bell Arthur CDP,37,04680,3704680,165,100.0,165,100.0
Belmont city,37,04840,3704840,4123,91.3,3947,87.4
Belville town,37,04950,3704950,984,94.0,959,91.6
Belvoir CDP,37,04955,3704955,130,100.0,130,100.0
Belwood town,37,04960,3704960,329,90.1,308,84.4
Bennett CDP,37,05020,3705020,69,62.7,69,62.7
Benson town,37,05040,3705040,1163,81.2,1020,71.2
Bent Creek CDP,37,05049,3705049,520,95.1,476,87.0
Bermuda Run town,37,05135,3705135,1337,93.5,1352,94.5
Bessemer City city,37,05220,3705220,1664,88.4,1383,73.5
Bethania town,37,05340,3705340,150,96.8,150,96.8
Bethel town,37,05460,3705460,658,78.1,581,69.0
Bethlehem CDP,37,05530,3705530,1632,93.9,1536,88.4
Beulaville town,37,05660,3705660,629,80.1,590,75.2
Biltmore Forest town,37,05880,3705880,575,97.8,549,93.4
Biscoe town,37,06000,3706000,699,84.6,528,63.9
Black Creek town,37,06080,3706080,256,80.8,231,72.9
Black Mountain town,37,06140,3706140,3219,78.8,2658,65.1
Bladenboro town,37,06240,3706240,791,93.2,709,83.5
Blowing Rock town,37,06500,3706500,586,94.8,554,89.6
Blue Clay Farms CDP,37,06510,3706510,21,100.0,21,100.0
Boardman town,37,06660,3706660,116,92.8,110,88.0
Bogue town,37,06740,3706740,334,98.2,308,90.6
Boiling Spring Lakes city,37,06760,3706760,2552,99.1,2227,86.5
Boiling Springs town,37,06800,3706800,1036,88.9,933,80.0
Bolivia town,37,06820,3706820,65,95.6,63,92.6
Bolton town,37,06860,3706860,197,80.1,142,57.7
Bonnetsville CDP,37,06980,3706980,313,94.6,302,91.2
Boone town,37,07080,3707080,5756,95.9,5028,83.7
Boonville town,37,07140,3707140,465,75.5,407,66.1
Bostic town,37,07220,3707220,105,71.4,102,69.4
Bowdens CDP,37,07340,3707340,186,100.0,96,51.6
Bowmore CDP,37,07400,3707400,36,48.6,36,48.6
Brandywine Bay CDP,37,07588,3707588,597,94.5,580,91.8
Brevard city,37,07720,3707720,3228,91.0,2956,83.3
Briar Chapel CDP,37,07748,3707748,1298,100.0,1241,95.6
Brices Creek CDP,37,07765,3707765,1382,100.0,1382,100.0
Bridgeton town,37,07860,3707860,131,84.0,98,62.8
Broad Creek CDP,37,08040,3708040,862,93.6,818,88.8
Broadway town,37,08080,3708080,559,90.2,477,76.9
Brogden CDP,37,08110,3708110,816,83.5,729,74.6
Brookford town,37,08140,3708140,177,91.2,154,79.4
Brunswick town,37,08420,3708420,171,84.7,160,79.2
Bryson City town,37,08480,3708480,577,79.7,462,63.8
Buies Creek CDP,37,08760,3708760,882,100.0,855,96.9
Bunn town,37,08860,3708860,147,71.7,139,67.8
Coinjock CDP,37,13500,3713500,109,100.0,103,94.5
Colerain town,37,13560,3713560,105,92.1,91,79.8
Columbia town,37,13940,3713940,209,61.1,162,47.4
Columbus town,37,13980,3713980,490,90.4,381,70.3
Como town,37,14060,3714060,27,64.3,21,50.0
Concord city,37,14100,3714100,31252,94.5,29363,88.8
Conetoe town,37,14200,3714200,116,78.9,109,74.1
Connelly Springs town,37,14280,3714280,701,78.4,586,65.5
Conover city,37,14340,3714340,3077,91.5,2929,87.1
Conway town,37,14400,3714400,241,87.6,130,47.3
Cooleemee town,37,14460,3714460,336,86.8,324,83.7
Cordova CDP,37,14600,3714600,554,85.8,580,89.8
Cornelius town,37,14700,3714700,12115,98.0,11619,94.0
Cove City town,37,15020,3715020,189,79.4,156,65.5
Cove Creek CDP,37,15040,3715040,356,80.9,323,73.4
Cramerton town,37,15260,3715260,1679,95.6,1647,93.7
Creedmoor city,37,15320,3715320,1642,99.1,1625,98.1
Creswell town,37,15420,3715420,72,80.9,67,75.3
Cricket CDP,37,15440,3715440,802,85.9,778,83.3
Crossnore town,37,15580,3715580,19,100.0,17,89.5
Crouse CDP,37,15640,3715640,44,100.0,44,100.0
Cullowhee CDP,37,15880,3715880,1399,100.0,904,64.6
Cypress Landing CDP,37,16084,3716084,632,100.0,632,100.0
Dallas town,37,16180,3716180,1440,86.1,1337,79.9
Dana CDP,37,16220,3716220,1235,86.5,1191,83.5
Danbury town,37,16240,3716240,53,88.3,51,85.0
Davidson town,37,16400,3716400,4372,97.7,4285,95.8
Davis CDP,37,16480,3716480,88,83.8,88,83.8
Deep Run CDP,37,16720,3716720,178,78.8,166,73.5
Deercroft CDP,37,16730,3716730,181,100.0,173,95.6
Delco CDP,37,16780,3716780,57,100.0,48,84.2
Dellview town,37,16820,3716820,25,100.0,25,100.0
Delway CDP,37,16860,3716860,13,100.0,0,0.0
Denton town,37,16980,3716980,471,80.7,434,74.3
Denver CDP,37,17000,3717000,1157,91.2,1189,93.8
Dillsboro town,37,17180,3717180,100,87.7,98,86.0
Dobbins Heights town,37,17325,3717325,342,80.5,293,68.9
Dobson town,37,17340,3717340,485,81.6,375,63.1
Dortches town,37,17520,3717520,304,86.6,290,82.6
Dover town,37,17660,3717660,88,67.7,70,53.8
Drexel town,37,17860,3717860,672,90.3,607,81.6
Dublin town,37,18040,3718040,127,93.4,127,93.4
Duck town,37,18060,3718060,286,99.0,276,95.5
Dudley CDP,37,18080,3718080,387,98.0,387,98.0
Dundarrach CDP,37,18300,3718300,24,100.0,24,100.0
Dunn city,37,18320,3718320,3583,86.7,2832,68.5
Durham city,37,19000,3719000,107828,94.2,101450,88.7
Earl town,37,19140,3719140,133,93.7,119,83.8
East Arcadia town,37,19300,3719300,214,92.6,170,73.6
East Bend town,37,19320,3719320,206,88.8,169,72.8
East Flat Rock CDP,37,19420,3719420,1897,89.4,1830,86.2
East Laurinburg town,37,19620,3719620,94,71.2,78,59.1
Eastover town,37,19740,3719740,1250,90.1,1266,91.2
East Rockingham CDP,37,19800,3719800,1050,81.0,927,71.5
East Spencer town,37,19860,3719860,533,83.2,406,63.3
Fremont town,37,24900,3724900,384,85.3,302,67.1
Frisco CDP,37,25020,3725020,395,93.2,368,86.8
Fruitland CDP,37,25160,3725160,870,85.1,738,72.2
Fuquay-Varina town,37,25300,3725300,9367,94.2,9032,90.9
Gamewell town,37,25380,3725380,1277,82.7,1268,82.1
Garland town,37,25460,3725460,312,87.4,269,75.4
Garner town,37,25480,3725480,11240,95.4,10918,92.7
Garysburg town,37,25540,3725540,343,81.5,226,53.7
Gaston town,37,25560,3725560,372,68.0,281,51.4
Gastonia city,37,25580,3725580,26252,89.6,24319,83.0
Gatesville town,37,25680,3725680,101,93.5,84,77.8
Germanton CDP,37,25880,3725880,408,83.8,378,77.6
Gerton CDP,37,25900,3725900,121,83.4,121,83.4
Gibson town,37,25940,3725940,207,79.0,176,67.2
Gibsonville town,37,25980,3725980,2456,92.6,2241,84.5
Glen Alpine town,37,26200,3726200,602,85.3,536,75.9
Glen Raven CDP,37,26460,3726460,1071,89.5,1005,84.0
Glenville CDP,37,26520,3726520,40,100.0,40,100.0
Glenwood CDP,37,26560,3726560,84,68.9,84,68.9
Gloucester CDP,37,26680,3726680,182,97.3,182,97.3
Godwin town,37,26740,3726740,63,74.1,52,61.2
Gold Hill CDP,37,26800,3726800,89,88.1,89,88.1
Goldsboro city,37,26880,3726880,12197,83.4,11760,80.4
Goldston town,37,26920,3726920,116,85.3,102,75.0
Gorman CDP,37,27120,3727120,201,64.2,217,69.3
Governors Club CDP,37,27180,3727180,716,100.0,716,100.0
Governors Village CDP,37,27182,3727182,626,98.0,622,97.3
Graham city,37,27280,3727280,5806,90.4,5361,83.5
Graingers CDP,37,27300,3727300,29,65.9,18,40.9
Grandfather Village village,37,27324,3727324,34,100.0,29,85.3
Grandy CDP,37,27400,3727400,1237,96.4,1160,90.4
Granite Falls town,37,27420,3727420,1683,94.4,1681,94.3
Granite Quarry town,37,27440,3727440,979,95.0,898,87.2
Grantsboro town,37,27520,3727520,242,96.0,215,85.3
Greenevers town,37,27780,3727780,224,64.2,192,55.0
Green Level town,37,27870,3727870,711,80.7,607,68.9
Greensboro city,37,28000,3728000,105876,89.6,94201,79.7
Greenville city,37,28080,3728080,34042,92.4,31325,85.0
Grifton town,37,28200,3728200,957,79.0,901,74.3
Grimesland town,37,28240,3728240,158,81.9,138,71.5
Grover town,37,28400,3728400,209,80.1,194,74.3
Gulf CDP,37,28600,3728600,0,-666666666.0,0,-666666666.0
Half Moon CDP,37,28900,3728900,2864,98.3,2794,95.8
Halifax town,37,28920,3728920,129,94.9,21,15.4
Hallsboro CDP,37,29000,3729000,92,54.8,101,60.1
Hamilton town,37,29120,3729120,84,76.4,57,51.8
Hamlet city,37,29160,3729160,2145,85.2,1973,78.3
Hampstead CDP,37,29180,3729180,2170,94.7,2080,90.8
Harkers Island CDP,37,29560,3729560,438,81.4,434,80.7
Harmony town,37,29640,3729640,192,88.5,183,84.3
Harrells town,37,29680,3729680,70,86.4,68,84.0
Harrellsville town,37,29720,3729720,47,90.4,31,59.6
Harrisburg town,37,29800,3729800,4600,98.0,4511,96.1
Hassell town,37,30040,3730040,6,27.3,4,18.2
Hatteras CDP,37,30100,3730100,171,100.0,171,100.0
Burgaw town,37,08960,3708960,1113,84.4,986,74.8
Burlington city,37,09060,3709060,20348,89.5,18087,79.5
Burnsville town,37,09140,3709140,667,80.2,597,71.8
Butner town,37,09360,3709360,2575,92.3,2322,83.2
Butters CDP,37,09380,3709380,109,88.6,109,88.6
Buxton CDP,37,09400,3709400,600,100.0,543,90.5
Cajah's Mountain town,37,09530,3709530,886,84.4,870,82.9
Calabash town,37,09540,3709540,786,82.0,713,74.3
Calypso town,37,09760,3709760,246,90.1,190,69.6
Camden CDP,37,09780,3709780,328,96.2,292,85.6
Cameron town,37,09800,3709800,144,88.9,144,88.9
Candor town,37,10120,3710120,304,82.4,281,76.2
Canton town,37,10240,3710240,1435,82.3,1206,69.2
Cape Carteret town,37,10260,3710260,1046,96.7,993,91.8
Cape Colony CDP,37,10264,3710264,343,91.2,267,71.0
Caroleen CDP,37,10460,3710460,147,60.0,130,53.1
Carolina Beach town,37,10500,3710500,2746,98.1,2464,88.0
Carolina Meadows CDP,37,10532,3710532,368,95.8,142,37.0
Carolina Shores town,37,10550,3710550,2157,95.7,2084,92.5
Carrboro town,37,10620,3710620,8527,95.2,8259,92.2
Carthage town,37,10680,3710680,762,74.6,701,68.6
Cary town,37,10740,3710740,62421,98.3,60747,95.6
Casar town,37,10760,3710760,67,60.9,65,59.1
Cashiers CDP,37,10800,3710800,323,88.5,301,82.5
Castalia town,37,10860,3710860,72,59.5,65,53.7
Castle Hayne CDP,37,10880,3710880,446,85.0,416,79.2
Caswell Beach town,37,10960,3710960,226,96.2,202,86.0
Catawba town,37,10980,3710980,285,95.6,266,89.3
Cedar Point town,37,11340,3711340,792,95.8,770,93.1
Cedar Rock village,37,11352,3711352,133,95.7,133,95.7
Centerville CDP,37,11560,3711560,89,92.7,89,92.7
Cerro Gordo town,37,11620,3711620,75,44.9,66,39.5
Chadbourn town,37,11640,3711640,639,83.6,546,71.5
Chapel Hill town,37,11800,3711800,19386,97.6,17850,89.9
Charlotte city,37,12000,3712000,321568,94.9,303196,89.4
Cherokee CDP,37,12140,3712140,736,77.8,664,70.2
Cherry Branch CDP,37,12186,3712186,488,100.0,488,100.0
Cherryville city,37,12340,3712340,2013,84.1,1793,74.9
Chimney Rock Village village,37,12460,3712460,83,100.0,81,97.6
China Grove town,37,12480,3712480,1709,85.0,1737,86.4
Bunnlevel CDP,37,08880,3708880,291,82.4,280,79.3
Chinquapin CDP,37,12520,3712520,0,-666666666.0,0,-666666666.0
Chocowinity town,37,12580,3712580,535,87.8,453,74.4
Chowan Beach CDP,37,12590,3712590,163,84.5,68,35.2
Claremont city,37,12720,3712720,727,89.0,699,85.6
Clarkton town,37,12780,3712780,304,90.2,280,83.1
Clayton town,37,12860,3712860,8050,96.6,6966,83.6
Clemmons village,37,12960,3712960,7462,94.2,7171,90.5
Cleveland town,37,13000,3713000,398,93.6,305,71.8
Cliffside CDP,37,13100,3713100,238,85.6,152,54.7
Clinton city,37,13240,3713240,2445,78.2,2091,66.9
Clyde town,37,13280,3713280,529,91.7,424,73.5
Coats town,37,13360,3713360,964,88.2,831,76.0
Cofield village,37,13460,3713460,149,88.7,103,61.3
Edenton town,37,20120,3720120,1837,86.4,1598,75.2
Edneyville CDP,37,20280,3720280,846,91.9,717,77.9
Efland CDP,37,20420,3720420,263,100.0,196,74.5
Elizabeth City city,37,20580,3720580,5640,88.1,5133,80.1
Elizabethtown town,37,20600,3720600,1304,87.2,1231,82.3
Elkin town,37,20620,3720620,1148,77.1,968,65.0
Elk Park town,37,20700,3720700,176,74.3,174,73.4
Ellenboro town,37,20780,3720780,238,84.1,215,76.0
Ellerbe town,37,20840,3720840,380,77.7,328,67.1
Elm City town,37,20980,3720980,502,80.3,443,70.9
Elon town,37,21095,3721095,3098,92.0,2892,85.9
Elrod CDP,37,21120,3721120,161,83.4,93,48.2
Elroy CDP,37,21130,3721130,1373,91.0,1359,90.1
Emerald Isle town,37,21160,3721160,1680,98.4,1587,92.9
Emma CDP,37,21260,3721260,745,75.8,729,74.2
Enfield town,37,21360,3721360,689,70.4,315,32.2
Engelhard CDP,37,21380,3721380,72,100.0,72,100.0
Enochville CDP,37,21500,3721500,1206,92.5,1104,84.7
Erwin town,37,21740,3721740,1597,89.9,1380,77.7
Etowah CDP,37,21880,3721880,3339,92.9,3163,88.0
Eureka town,37,21960,3721960,73,82.0,68,76.4
Everetts town,37,22040,3722040,44,89.8,35,71.4
Evergreen CDP,37,22080,3722080,50,83.3,19,31.7
Fair Bluff town,37,22240,3722240,213,76.9,183,66.1
Fairfield CDP,37,22280,3722280,65,68.4,65,68.4
Fairfield Harbour CDP,37,22305,3722305,1295,97.6,1225,92.3
Fairmont town,37,22360,3722360,817,80.7,600,59.2
Fairplains CDP,37,22380,3722380,699,85.9,612,75.2
Fairview CDP,37,22440,3722440,825,88.0,745,79.5
Fairview town,37,22500,3722500,1178,88.4,1078,80.9
Faison town,37,22560,3722560,303,89.6,262,77.5
Faith town,37,22600,3722600,376,94.2,353,88.5
Falcon town,37,22620,3722620,53,94.6,56,100.0
Falkland town,37,22640,3722640,16,19.0,9,10.7
Fallston town,37,22720,3722720,263,81.2,245,75.6
Farmington CDP,37,22800,3722800,133,100.0,118,88.7
Farmville town,37,22820,3722820,1677,88.4,1589,83.7
Fayetteville city,37,22920,3722920,75131,91.4,70612,85.9
Fearrington Village CDP,37,22982,3722982,1476,97.9,1292,85.7
Eden city,37,20080,3720080,5263,81.3,4717,72.9
Five Points CDP,37,23520,3723520,384,93.7,372,90.7
Flat Rock village,37,23600,3723600,1568,98.3,1542,96.7
Flat Rock CDP,37,23640,3723640,334,69.7,209,43.6
Fletcher town,37,23760,3723760,3189,90.3,3052,86.4
Fontana Dam town,37,23980,3723980,19,100.0,19,100.0
Forest City town,37,24080,3724080,2392,83.8,2114,74.1
Forest Hills village,37,24170,3724170,116,60.4,108,56.3
Forest Oaks CDP,37,24198,3724198,1439,93.3,1398,90.6
Foscoe CDP,37,24380,3724380,643,88.0,643,88.0
Fountain town,37,24440,3724440,104,70.3,99,66.9
Four Oaks town,37,24520,3724520,770,88.1,567,64.9
Foxfire village,37,24570,3724570,664,95.3,650,93.3
Franklin town,37,24640,3724640,1412,76.4,1293,70.0
Franklinton town,37,24720,3724720,621,78.3,591,74.5
Franklinville town,37,24740,3724740,442,94.4,367,78.4
Havelock city,37,30120,3730120,5858,99.2,5414,91.7
Haw River town,37,30260,3730260,893,90.1,825,83.2
Hayesville town,37,30280,3730280,136,95.8,103,72.5
Hays CDP,37,30340,3730340,481,80.2,417,69.5
Hemby Bridge town,37,30620,3730620,642,96.8,610,92.0
Henderson city,37,30660,3730660,4821,80.4,4306,71.8
Hendersonville city,37,30720,3730720,6346,88.9,5694,79.8
Henrietta CDP,37,30800,3730800,105,61.8,63,37.1
Hertford town,37,30900,3730900,686,76.3,546,60.7
Hickory city,37,31060,3731060,15155,90.7,14004,83.8
Hiddenite CDP,37,31260,3731260,96,85.7,89,79.5
Highlands town,37,31360,3731360,557,93.3,527,88.3
High Point city,37,31400,3731400,39308,91.8,36590,85.4
High Shoals city,37,31440,3731440,292,79.3,267,72.6
Hightsville CDP,37,31490,3731490,182,94.8,159,82.8
Hildebran town,37,31500,3731500,582,78.9,541,73.3
Hillsborough town,37,31620,3731620,2707,89.8,2658,88.2
Hobgood town,37,31860,3731860,101,85.6,67,56.8
Hobucken CDP,37,31880,3731880,10,100.0,10,100.0
Hoffman town,37,31920,3731920,212,85.8,202,81.8
Holden Beach town,37,31960,3731960,456,97.2,434,92.5
Hollister CDP,37,32100,3732100,258,81.1,164,51.6
Holly Ridge town,37,32180,3732180,975,97.9,918,92.2
Holly Springs town,37,32260,3732260,11291,97.6,11125,96.1
Hookerton town,37,32540,3732540,189,84.0,149,66.2
Hoopers Creek CDP,37,32580,3732580,537,94.5,477,84.0
Hope Mills town,37,32640,3732640,5436,92.0,5260,89.0
Horse Shoe CDP,37,32740,3732740,765,93.2,715,87.1
Hot Springs town,37,32840,3732840,189,83.3,171,75.3
Hudson town,37,32980,3732980,1285,87.8,1190,81.3
Huntersville town,37,33120,3733120,20071,97.1,19463,94.2
Icard CDP,37,33320,3733320,823,89.7,686,74.8
Indian Beach town,37,33460,3733460,86,100.0,83,96.5
Indian Trail town,37,33560,3733560,12371,97.5,12011,94.6
Ingold CDP,37,33640,3733640,213,100.0,166,77.9
Iron Station CDP,37,33820,3733820,171,64.0,171,64.0
Ivanhoe CDP,37,33940,3733940,70,76.1,70,76.1
JAARS CDP,37,33993,3733993,277,93.6,267,90.2
Jackson town,37,34000,3734000,246,86.9,143,50.5
Jackson Heights CDP,37,34038,3734038,208,65.0,188,58.8
Jackson Springs CDP,37,34160,3734160,23,100.0,23,100.0
Jacksonville city,37,34200,3734200,20300,96.1,19038,90.1
James City CDP,37,34260,3734260,1885,90.4,1835,88.0
Jamestown town,37,34300,3734300,1782,95.8,1719,92.4
Jamesville town,37,34320,3734320,229,86.4,235,88.7
Jefferson town,37,34440,3734440,567,82.5,494,71.9
Jonesville town,37,34840,3734840,948,81.0,693,59.2
Kannapolis city,37,35200,3735200,16089,91.6,15068,85.8
Keener CDP,37,35340,3735340,104,68.4,31,20.4
Kelford town,37,35360,3735360,129,82.7,96,61.5
Kelly CDP,37,35440,3735440,121,81.8,121,81.8
Kenansville town,37,35460,3735460,279,74.8,233,62.5
Kenly town,37,35540,3735540,661,79.3,527,63.2
Kernersville town,37,35600,3735600,9972,92.9,9351,87.1
King city,37,35760,3735760,2586,89.0,2199,75.6
Kings Grant CDP,37,35870,3735870,3828,97.8,3641,93.0
Kings Mountain city,37,35880,3735880,3479,79.8,2863,65.7
Kingstown town,37,35890,3735890,167,69.0,131,54.1
Kinston city,37,35920,3735920,7500,81.2,6707,72.6
Kittrell town,37,36020,3736020,37,80.4,32,69.6
Kitty Hawk town,37,36060,3736060,1506,95.8,1468,93.4
Knightdale town,37,36080,3736080,6312,96.8,6169,94.6
Kure Beach town,37,36220,3736220,984,97.9,941,93.6
La Grange town,37,36400,3736400,987,88.1,997,89.0
Lake Junaluska CDP,37,36480,3736480,1248,91.2,1165,85.1
Lake Lure town,37,36500,3736500,828,96.5,803,93.6
Lake Norman of Catawba CDP,37,36510,3736510,3291,93.9,3160,90.2
Lake Norman of Iredell CDP,37,36511,3736511,4301,98.3,4266,97.5
Lake Park village,37,36512,3736512,1457,99.3,1447,98.6
Lake Royale CDP,37,36513,3736513,1169,92.0,1181,93.0
Lake Santeetlah town,37,36514,3736514,22,100.0,22,100.0
Lake Waccamaw town,37,36640,3736640,547,83.8,496,76.0
Landis town,37,36860,3736860,837,83.9,819,82.1
Lansing town,37,36960,3736960,100,94.3,83,78.3
Lasker town,37,37000,3737000,55,84.6,42,64.6
Lattimore town,37,37040,3737040,106,79.7,104,78.2
Laurel Hill CDP,37,37120,3737120,395,90.6,331,75.9
Laurel Park town,37,37160,3737160,1085,95.0,1012,88.6
Laurinburg city,37,37220,3737220,4669,79.8,3897,66.6
Lawndale town,37,37260,3737260,188,72.9,147,57.0
Leggett town,37,37640,3737640,9,45.0,9,45.0
Leland town,37,37680,3737680,8974,98.3,8612,94.4
Lenoir city,37,37760,3737760,5811,80.1,5508,75.9
Lewiston Woodville town,37,38030,3738030,165,90.7,133,73.1
Lewisville town,37,38040,3738040,4934,97.0,4834,95.0
Lexington city,37,38060,3738060,6740,88.1,5808,75.9
Liberty town,37,38100,3738100,854,79.9,638,59.7
Light Oak CDP,37,38170,3738170,95,33.7,50,17.7
Lilesville town,37,38200,3738200,278,97.9,272,95.8
Lillington town,37,38220,3738220,815,89.5,784,86.1
Lincolnton city,37,38320,3738320,4230,87.1,3773,77.7
Linden town,37,38360,3738360,37,80.4,33,71.7
Linville CDP,37,38420,3738420,109,85.2,109,85.2
Littleton town,37,38680,3738680,175,64.3,97,35.7
Kill Devil Hills town,37,35720,3735720,3218,97.9,3031,92.2
Locust city,37,38860,3738860,1401,94.7,1285,86.9
Long Creek CDP,37,39060,3739060,46,86.8,46,86.8
Long View town,37,39280,3739280,1721,83.3,1519,73.5
Louisburg town,37,39360,3739360,821,76.7,760,71.0
Love Valley town,37,39420,3739420,53,80.3,49,74.2
Lowell city,37,39480,3739480,1417,96.7,1379,94.1
Lowesville CDP,37,39520,3739520,1155,91.3,1114,88.1
Lowgap CDP,37,39540,3739540,63,81.8,63,81.8
Lucama town,37,39600,3739600,296,86.0,266,77.3
Lumber Bridge town,37,39680,3739680,29,78.4,23,62.2
Lumberton city,37,39700,3739700,6243,85.9,5101,70.2
McAdenville town,37,39880,3739880,444,94.7,433,92.3
Macclesfield town,37,39960,3739960,73,48.0,54,35.5
McFarlan town,37,40240,3740240,33,100.0,31,93.9
McLeansville CDP,37,40460,3740460,359,83.3,339,78.7
Macon town,37,40540,3740540,28,84.8,25,75.8
Madison town,37,40560,3740560,938,94.1,839,84.2
Maggie Valley town,37,40600,3740600,795,95.1,737,88.2
Magnolia town,37,40640,3740640,389,90.5,344,80.0
Maiden town,37,40660,3740660,1128,94.2,953,79.5
Mamers CDP,37,40860,3740860,229,97.0,140,59.3
Manns Harbor CDP,37,40980,3740980,370,100.0,356,96.2
Manteo town,37,41060,3741060,796,92.3,711,82.5
Marble CDP,37,41220,3741220,140,84.3,140,84.3
Marietta town,37,41380,3741380,45,80.4,35,62.5
Marion city,37,41420,3741420,2520,86.5,2286,78.4
Mar-Mac CDP,37,41540,3741540,1205,86.3,1143,81.9
Marshall town,37,41580,3741580,240,79.7,226,75.1
Marshallberg CDP,37,41600,3741600,162,93.1,138,79.3
Mars Hill town,37,41620,3741620,783,91.5,683,79.8
Marshville town,37,41640,3741640,816,95.9,731,85.9
Marvin village,37,41720,3741720,1949,100.0,1941,99.6
Matthews town,37,41960,3741960,11639,96.0,11155,92.0
Maury CDP,37,42000,3742000,143,88.3,143,88.3
Maxton town,37,42020,3742020,728,71.0,579,56.5
Mayodan town,37,42060,3742060,851,72.0,677,57.3
Maysville town,37,42100,3742100,268,74.4,234,65.0
Mebane city,37,42240,3742240,5788,92.5,5376,85.9
Mesic town,37,42480,3742480,79,86.8,70,76.9
Micro town,37,42620,3742620,203,74.9,130,48.0
Middleburg town,37,42640,3742640,70,59.8,61,52.1
Middlesex town,37,42700,3742700,353,81.1,320,73.6
Midland town,37,42760,3742760,1139,97.1,1112,94.8
Midway town,37,42860,3742860,1875,95.0,1838,93.2
Millers Creek CDP,37,43160,3743160,637,84.0,527,69.5
Millingport CDP,37,43200,3743200,168,87.0,160,82.9
Mills River town,37,43260,3743260,2908,93.3,2647,84.9
Milton town,37,43300,3743300,89,83.2,66,61.7
Milwaukee CDP,37,43320,3743320,82,89.1,42,45.7
Mineral Springs town,37,43360,3743360,1038,92.4,1018,90.7
Minnesott Beach town,37,43440,3743440,188,77.4,170,70.0
Mint Hill town,37,43480,3743480,10059,96.0,9830,93.9
McDonald town,37,40140,3740140,32,82.1,20,51.3
Misenheimer village,37,43580,3743580,91,82.0,79,71.2
Mocksville town,37,43720,3743720,1719,89.0,1667,86.3
Momeyer town,37,43860,3743860,144,88.3,140,85.9
Moncure CDP,37,43880,3743880,273,96.5,211,74.6
Monroe city,37,43920,3743920,10592,92.0,9872,85.8
Montreat town,37,44100,3744100,19,100.0,11,57.9
Mooresboro town,37,44160,3744160,79,85.9,57,62.0
Mooresville town,37,44220,3744220,14130,95.9,13563,92.1
Moravian Falls CDP,37,44280,3744280,906,89.1,753,74.0
Morehead City town,37,44320,3744320,4139,88.8,3665,78.6
Morganton city,37,44400,3744400,5117,86.1,4437,74.6
Morrisville town,37,44520,3744520,10084,96.7,9927,95.2
Morven town,37,44560,3744560,177,81.2,165,75.7
Mountain Home CDP,37,44700,3744700,1569,90.2,1543,88.7
Mountain View CDP,37,44770,3744770,1367,97.2,1233,87.6
Mount Gilead town,37,44900,3744900,412,80.6,340,66.5
Mount Holly city,37,44960,3744960,5781,93.5,5583,90.3
Mount Olive town,37,45100,3745100,1548,83.7,1426,77.1
Mount Pleasant town,37,45140,3745140,558,76.5,551,75.6
Moyock CDP,37,45460,3745460,1990,99.2,1847,92.0
Mulberry CDP,37,45560,3745560,884,89.2,770,77.7
Murfreesboro town,37,45640,3745640,966,83.5,919,79.4
Murphy town,37,45660,3745660,785,89.5,567,64.7
Murraysville CDP,37,45720,3745720,6650,96.6,6405,93.1
Myrtle Grove CDP,37,45840,3745840,4084,96.3,3995,94.2
Nags Head town,37,45880,3745880,1235,91.2,1276,94.2
Nashville town,37,46000,3746000,1991,93.7,1837,86.4
Navassa town,37,46060,3746060,599,85.6,523,74.7
Nebo CDP,37,46100,3746100,533,96.4,349,63.1
Neuse Forest CDP,37,46280,3746280,713,97.5,707,96.7
New Bern city,37,46340,3746340,12241,89.6,10633,77.8
New Hope CDP,37,46650,3746650,461,100.0,445,96.5
Newland town,37,46740,3746740,307,79.9,228,59.4
New London town,37,46820,3746820,226,93.0,213,87.7
Newport town,37,46860,3746860,1590,96.4,1428,86.6
Newton city,37,47000,3747000,4330,83.6,4045,78.1
Newton Grove town,37,47020,3747020,267,89.0,212,70.7
Norlina town,37,47240,3747240,467,79.3,407,69.1
Norman town,37,47260,3747260,53,84.1,47,74.6
Northchase CDP,37,47485,3747485,1872,95.3,1788,91.0
Northlakes CDP,37,47695,3747695,566,100.0,539,95.2
North Topsail Beach town,37,47845,3747845,485,99.0,427,87.1
Northwest city,37,47860,3747860,283,84.2,222,66.1
North Wilkesboro town,37,47880,3747880,1576,82.9,1383,72.7
Norwood town,37,47980,3747980,930,94.0,911,92.1
Oakboro town,37,48040,3748040,824,88.7,801,86.2
Oak City town,37,48060,3748060,150,80.2,140,74.9
Oak Island town,37,48345,3748345,3748,96.6,3609,93.0
Oak Ridge town,37,48480,3748480,2243,97.6,2098,91.3
Ocean Isle Beach town,37,48700,3748700,365,96.3,352,92.9
Ocracoke CDP,37,48740,3748740,350,85.4,272,66.3
Ogden CDP,37,48790,3748790,3193,98.6,3164,97.7
Old Fort town,37,48920,3748920,241,71.7,200,59.5
Old Hundred CDP,37,48940,3748940,149,83.2,137,76.5
Oriental town,37,49380,3749380,589,96.4,574,93.9
Orrum town,37,49460,3749460,25,78.1,10,31.3
Mount Airy city,37,44800,3744800,3807,80.9,3169,67.4
Ossipee town,37,49600,3749600,174,94.6,153,83.2
Oxford city,37,49800,3749800,3170,87.9,2812,78.0
Pantego town,37,50080,3750080,89,91.8,62,63.9
Parkton town,37,50340,3750340,161,88.5,153,84.1
Parmele town,37,50540,3750540,79,59.8,80,60.6
Patterson Springs town,37,50700,3750700,254,80.9,167,53.2
Peachland town,37,50820,3750820,129,86.6,124,83.2
Peletier town,37,51040,3751040,298,95.5,255,81.7
Pembroke town,37,51080,3751080,744,87.3,551,64.7
Pikeville town,37,51780,3751780,278,96.2,271,93.8
Pilot Mountain town,37,51820,3751820,602,80.2,507,67.5
Pinebluff town,37,51840,3751840,632,94.0,603,89.7
Rocky Point CDP,37,57540,3757540,539,86.0,383,61.1
Rodanthe CDP,37,57580,3757580,110,100.0,110,100.0
Rolesville town,37,57640,3757640,2529,97.5,2444,94.2
Ronda town,37,57700,3757700,212,89.1,207,87.0
Roper town,37,57740,3757740,224,68.3,148,45.1
Roseboro town,37,57800,3757800,341,75.8,256,56.9
Rose Hill town,37,57860,3757860,575,81.8,477,67.9
Rosman town,37,58020,3758020,258,58.9,197,45.0
Rougemont CDP,37,58040,3758040,224,76.2,183,62.2
Rowland town,37,58140,3758140,350,70.6,245,49.4
Roxboro city,37,58160,3758160,2924,84.6,2408,69.7
Roxobel town,37,58180,3758180,58,66.7,59,67.8
Royal Pines CDP,37,58260,3758260,1670,93.2,1605,89.6
Ruffin CDP,37,58340,3758340,176,88.4,139,69.8
Rural Hall town,37,58360,3758360,1225,85.1,1115,77.4
Ruth town,37,58420,3758420,211,86.5,185,75.8
Rutherford College town,37,58440,3758440,372,72.7,322,62.9
Rutherfordton town,37,58460,3758460,1627,87.5,1567,84.3
St. Helena village,37,58620,3758620,167,96.0,153,87.9
St. James town,37,58630,3758630,2852,98.6,2800,96.8
St. Pauls town,37,58720,3758720,649,72.7,581,65.1
St. Stephens CDP,37,58730,3758730,3331,90.3,3193,86.6
Salem CDP,37,58740,3758740,578,80.5,539,75.1
Salemburg town,37,58840,3758840,133,75.1,98,55.4
Salisbury city,37,58860,3758860,10895,87.9,10070,81.2
Saluda city,37,58920,3758920,337,94.7,330,92.7
Salvo CDP,37,58940,3758940,39,100.0,39,100.0
Sandy Creek town,37,59090,3759090,95,94.1,79,78.2
Sandyfield town,37,59135,3759135,213,93.8,126,55.5
Sanford city,37,59280,3759280,8942,87.6,7115,69.7
Saratoga town,37,59340,3759340,126,79.7,125,79.1
Sawmills town,37,59540,3759540,1664,90.0,1595,86.3
Saxapahaw CDP,37,59580,3759580,550,92.9,479,80.9
Scotch Meadows CDP,37,59765,3759765,174,100.0,146,83.9
Scotland Neck town,37,59780,3759780,593,61.6,355,36.9
Seaboard town,37,59980,3759980,226,63.5,166,46.6
Sea Breeze CDP,37,60000,3760000,746,100.0,746,100.0
Seagrove town,37,60080,3760080,173,92.5,157,84.0
Sedalia town,37,60180,3760180,148,77.9,123,64.7
Selma town,37,60320,3760320,2170,84.7,1557,60.8
Seven Devils town,37,60505,3760505,199,95.2,193,92.3
Seven Lakes CDP,37,60515,3760515,1923,93.3,1851,89.8
Seven Springs town,37,60540,3760540,14,100.0,12,85.7
Severn town,37,60560,3760560,102,85.7,69,58.0
Shallotte town,37,60800,3760800,1738,92.4,1678,89.3
Shannon CDP,37,60940,3760940,116,100.0,107,92.2
Sharpsburg town,37,61060,3761060,493,79.3,367,59.0
Shelby city,37,61200,3761200,7053,81.7,5895,68.3
Siler City town,37,61860,3761860,2421,83.1,1978,67.9
Silver City CDP,37,61920,3761920,257,59.8,285,66.3
Silver Lake CDP,37,61950,3761950,2305,95.4,2288,94.7
Simpson village,37,62040,3762040,146,78.1,122,65.2
Sims town,37,62060,3762060,150,95.5,142,90.4
Skippers Corner CDP,37,62190,3762190,1040,96.9,1033,96.3
Smithfield town,37,62520,3762520,4410,87.9,3789,75.6
Pinehurst village,37,51940,3751940,7198,96.6,7002,94.0
Pine Knoll Shores town,37,52000,3752000,608,95.7,585,92.1
Pine Level town,37,52020,3752020,736,94.7,581,74.8
Pinetops town,37,52140,3752140,487,77.9,402,64.3
Pinetown CDP,37,52160,3752160,28,54.9,28,54.9
Pineville town,37,52220,3752220,3344,92.8,2950,81.9
Piney Green CDP,37,52260,3752260,4803,98.0,4336,88.5
Pink Hill town,37,52400,3752400,230,82.4,212,76.0
Pinnacle CDP,37,52500,3752500,152,72.4,134,63.8
Pittsboro town,37,52660,3752660,1545,83.0,1472,79.1
Plain View CDP,37,52685,3752685,446,66.6,397,59.3
Pleasant Garden town,37,52760,3752760,1421,85.8,1411,85.2
Pleasant Hill CDP,37,52920,3752920,363,97.1,363,97.1
Plymouth town,37,53040,3753040,1222,77.7,1111,70.6
Polkton town,37,53140,3753140,411,82.4,399,80.0
Polkville city,37,53160,3753160,158,83.6,104,55.0
Pollocksville town,37,53200,3753200,92,80.7,87,76.3
Porters Neck CDP,37,53475,3753475,2999,95.5,2852,90.8
Potters Hill CDP,37,53580,3753580,269,100.0,233,86.6
Powellsville town,37,53680,3753680,85,60.7,74,52.9
Princeton town,37,53820,3753820,509,88.2,421,73.0
Princeville town,37,53840,3753840,471,65.5,317,44.1
Proctorville town,37,53900,3753900,91,91.0,30,30.0
Prospect CDP,37,53950,3753950,220,76.4,182,63.2
Pumpkin Center CDP,37,54160,3754160,596,93.7,587,92.3
Raeford city,37,54580,3754580,1476,81.4,1350,74.4
Raemon CDP,37,54600,3754600,97,80.8,61,50.8
Raleigh city,37,55000,3755000,181445,96.8,173040,92.3
Ramseur town,37,55040,3755040,577,84.9,505,74.3
Randleman city,37,55080,3755080,1309,90.7,1179,81.6
Ranlo town,37,55260,3755260,1155,91.5,1123,89.0
Raynham town,37,55340,3755340,12,50.0,7,29.2
Red Cross town,37,55460,3755460,278,82.5,249,73.9
Red Oak town,37,55640,3755640,1340,90.6,1250,84.5
Red Springs town,37,55660,3755660,1031,78.8,883,67.5
Reidsville city,37,55900,3755900,4772,73.8,3866,59.8
Rennert town,37,55940,3755940,131,78.9,128,77.1
Rex CDP,37,56100,3756100,13,100.0,0,0.0
Rhodhiss town,37,56240,3756240,272,78.4,266,76.7
Richfield town,37,56340,3756340,288,97.0,279,93.9
Richlands town,37,56360,3756360,764,93.4,736,90.0
Rich Square town,37,56440,3756440,256,75.3,209,61.5
Riegelwood CDP,37,56600,3756600,242,96.0,211,83.7
River Bend town,37,56710,3756710,1255,93.4,1235,92.0
River Road CDP,37,56815,3756815,1659,92.1,1397,77.5
Roanoke Rapids city,37,56900,3756900,5205,85.1,4574,74.8
Robbins town,37,57000,3757000,481,86.2,450,80.6
Robbinsville town,37,57020,3757020,250,64.6,209,54.0
Roberdel CDP,37,57039,3757039,153,100.0,105,68.6
Robersonville town,37,57100,3757100,644,89.3,591,82.0
Rockfish CDP,37,57200,3757200,1379,95.8,1409,97.8
Rockingham city,37,57260,3757260,3076,80.3,2756,72.0
Rockwell town,37,57340,3757340,748,91.8,713,87.5
Rocky Mount city,37,57500,3757500,19098,85.0,16401,73.0
Smithtown CDP,37,62580,3762580,16,32.0,11,22.0
Sneads Ferry CDP,37,62680,3762680,868,81.3,842,78.9
Snow Hill town,37,62760,3762760,746,84.4,660,74.7
Southern Pines town,37,63120,3763120,5649,91.3,5207,84.1
Southern Shores town,37,63130,3763130,1132,98.9,1125,98.3
South Henderson CDP,37,63240,3763240,259,67.6,163,42.6
South Mills CDP,37,63340,3763340,150,96.2,150,96.2
Southmont CDP,37,63360,3763360,577,86.9,526,79.2
Southport city,37,63400,3763400,1541,94.6,1455,89.3
South Rosemary CDP,37,63470,3763470,1005,82.9,688,56.8
South Weldon CDP,37,63560,3763560,214,73.5,123,42.3
Sparta town,37,63680,3763680,689,76.6,644,71.6
Speed town,37,63720,3763720,31,73.8,21,50.0
Spencer town,37,63760,3763760,1094,93.7,1023,87.7
Spencer Mountain town,37,63780,3763780,0,-666666666.0,0,-666666666.0
Spindale town,37,63880,3763880,1367,78.3,1091,62.5
Spivey's Corner CDP,37,63920,3763920,69,83.1,69,83.1
Spout Springs CDP,37,64000,3764000,3131,99.0,3072,97.1
Springdale CDP,37,64050,3764050,445,89.5,444,89.3
Spring Hope town,37,64160,3764160,420,67.6,352,56.7
Spring Lake town,37,64180,3764180,4183,94.6,3864,87.4
Spruce Pine town,37,64260,3764260,820,86.1,738,77.5
Staley town,37,64380,3764380,119,86.9,109,79.6
Stallings town,37,64420,3764420,5391,97.8,5278,95.8
Stanfield town,37,64460,3764460,536,94.5,463,81.7
Stanley town,37,64500,3764500,1249,92.7,1155,85.7
Stantonsburg town,37,64560,3764560,198,83.5,186,78.5
Star town,37,64580,3764580,242,63.2,229,59.8
Statesville city,37,64740,3764740,9715,88.6,9153,83.5
Stedman town,37,64840,3764840,572,95.3,497,82.8
Stem town,37,64940,3764940,451,96.8,437,93.8
Stokes CDP,37,65020,3765020,171,100.0,171,100.0
Stokesdale town,37,65040,3765040,1710,95.5,1539,86.0
Stoneville town,37,65100,3765100,393,80.0,376,76.6
Stonewall town,37,65120,3765120,140,97.9,80,55.9
Stony Point CDP,37,65260,3765260,544,95.1,477,83.4
Stovall town,37,65320,3765320,88,72.1,87,71.3
Sugar Mountain village,37,65530,3765530,236,97.1,232,95.5
Summerfield town,37,65580,3765580,3763,95.9,3582,91.3
Sunbury CDP,37,65700,3765700,153,100.0,111,72.5
Sunset Beach town,37,65900,3765900,2002,96.3,1925,92.6
Surf City town,37,66040,3766040,1201,98.2,1103,90.2
Swannanoa CDP,37,66280,3766280,1165,77.9,1012,67.6
Swan Quarter CDP,37,66340,3766340,216,100.0,151,69.9
Swansboro town,37,66360,3766360,1342,95.1,1269,89.9
Swepsonville town,37,66460,3766460,853,94.8,795,88.3
Sylva town,37,66500,3766500,902,87.5,731,70.9
Tabor City town,37,66520,3766520,795,79.7,650,65.2
Tarboro town,37,66700,3766700,3793,79.6,3236,67.9
Tar Heel town,37,66740,3766740,57,96.6,53,89.8
Taylorsville town,37,66960,3766960,689,78.4,589,67.0
Taylortown town,37,66980,3766980,328,80.6,310,76.2
Teachey town,37,67000,3767000,199,95.7,175,84.1
Thomasville city,37,67420,3767420,9504,87.6,8876,81.8
Toast CDP,37,67700,3767700,403,75.9,392,73.8
Tobaccoville village,37,67720,3767720,1009,88.3,922,80.7
Topsail Beach town,37,68040,3768040,212,96.8,200,91.3
Trenton town,37,68320,3768320,74,78.7,58,61.7
Trent Woods town,37,68340,3768340,1574,95.5,1479,89.7
Trinity city,37,68400,3768400,2332,87.6,2203,82.7
Troutman town,37,68500,3768500,934,94.5,898,90.9
Troy town,37,68520,3768520,804,71.6,600,53.4
Tryon town,37,68580,3768580,693,82.7,549,65.5
Turkey town,37,68740,3768740,111,82.8,103,76.9
Tyro CDP,37,69020,3769020,1196,90.9,1096,83.3
Unionville town,37,69260,3769260,2664,91.7,2610,89.8
Valdese town,37,69520,3769520,1472,91.1,1418,87.7
Valle Crucis CDP,37,69600,3769600,81,100.0,81,100.0
Valley Hill CDP,37,69640,3769640,857,95.5,834,93.0
Vanceboro town,37,69680,3769680,419,93.5,327,73.0
Vandemere town,37,69720,3769720,110,90.9,99,81.8
Vander CDP,37,69740,3769740,487,81.2,365,60.8
Vann Crossroads CDP,37,69755,3769755,145,100.0,145,100.0
Varnamtown town,37,69795,3769795,254,86.1,232,78.6
Vass town,37,69840,3769840,278,91.1,250,82.0
Waco town,37,70320,3770320,79,67.5,49,41.9
Wade town,37,70340,3770340,214,79.9,180,67.2
Wadesboro town,37,70380,3770380,1614,75.1,1464,68.2
Wagram town,37,70480,3770480,302,80.3,286,76.1
Wake Forest town,37,70540,3770540,15297,97.2,15172,96.4
Wakulla CDP,37,70580,3770580,38,100.0,38,100.0
Walkertown town,37,70660,3770660,1901,92.6,1688,82.2
Wallace town,37,70720,3770720,1203,77.4,995,64.0
Wallburg town,37,70740,3770740,1122,91.7,1098,89.8
Walnut Cove town,37,70780,3770780,679,75.1,537,59.4
Walnut Creek village,37,70820,3770820,481,97.6,477,96.8
Walstonburg town,37,70860,3770860,74,91.4,74,91.4
Wanchese CDP,37,70920,3770920,737,91.1,663,82.0
Warrenton town,37,71100,3771100,426,78.9,367,68.0
Warsaw town,37,71160,3771160,962,83.4,896,77.7
Washington city,37,71220,3771220,3510,83.7,3023,72.1
Washington Park town,37,71240,3771240,253,86.6,226,77.4
Watha town,37,71320,3771320,75,80.6,69,74.2
Waves CDP,37,71440,3771440,21,67.7,21,67.7
Waxhaw town,37,71460,3771460,4816,98.8,4682,96.1
Waynesville town,37,71500,3771500,4170,89.2,3355,71.8
Weaverville town,37,71560,3771560,1745,96.0,1721,94.7
Webster town,37,71600,3771600,117,94.4,109,87.9
Weddington town,37,71680,3771680,3372,98.5,3350,97.9
Welcome CDP,37,71760,3771760,1150,86.2,1041,78.0
Weldon town,37,71780,3771780,519,83.2,372,59.6
Wendell town,37,71860,3771860,2439,86.2,2448,86.5
Wentworth town,37,71900,3771900,841,85.9,775,79.2
Wesley Chapel village,37,71940,3771940,2624,96.6,2608,96.0
West Canton CDP,37,72150,3772150,443,76.1,340,58.4
West Jefferson town,37,72540,3772540,539,84.2,514,80.3
West Marion CDP,37,72600,3772600,474,87.3,442,81.4
Westport CDP,37,72755,3772755,1507,97.6,1477,95.7
Whispering Pines village,37,73140,3773140,1203,100.0,1135,94.3
White Lake town,37,73300,3773300,347,79.4,332,76.0
White Oak CDP,37,73320,3773320,132,100.0,132,100.0
White Plains CDP,37,73460,3773460,454,93.8,339,70.0
Whiteville city,37,73660,3773660,1675,81.3,1532,74.4
Whitsett town,37,73760,3773760,246,84.2,212,72.6
Whittier CDP,37,73780,3773780,0,-666666666.0,0,-666666666.0
Wilkesboro town,37,74020,3774020,1223,86.4,1079,76.3
Williamston town,37,74220,3774220,1821,83.4,1527,69.9
Wilmington city,37,74440,3774440,49967,92.8,45186,83.9
Wilson city,37,74540,3774540,16000,82.2,14770,75.9
Wilson's Mills town,37,74580,3774580,729,97.9,659,88.5
Windsor town,37,74680,3774680,855,81.1,660,62.6
Winfall town,37,74720,3774720,290,80.8,283,78.8
Wingate town,37,74760,3774760,921,87.7,978,93.1
Winston-Salem city,37,75000,3775000,88851,92.0,78928,81.7
Winterville town,37,75060,3775060,3785,91.4,3660,88.3
Winton town,37,75080,3775080,267,90.2,240,81.1
Woodfin town,37,75280,3775280,2221,89.0,1996,80.0
Woodland town,37,75340,3775340,300,83.8,222,62.0
Woodlawn CDP,37,75375,3775375,463,100.0,463,100.0
Wrightsboro CDP,37,75780,3775780,1801,95.4,1635,86.6
Wrightsville Beach town,37,75820,3775820,1163,98.8,1123,95.4
Yadkin College CDP,37,75880,3775880,228,100.0,228,100.0
Yadkinville town,37,75960,3775960,992,84.5,921,78.4
Yanceyville town,37,76000,3776000,861,71.3,582,48.2
Youngsville town,37,76200,3776200,841,92.9,831,91.8
Zebulon town,37,76220,3776220,1570,80.2,1467,74.9
Whitakers town,37,73160,3773160,194,74.9,161,62.2
